Year,Units,Zeitreihe,Bundesland,GeoCode,Value
2012,Minuten,Bezogen auf die Mittel- und Oberzentren des jeweiligen Jahres,,,23.49
2016,Minuten,Bezogen auf die Mittel- und Oberzentren des jeweiligen Jahres,,,22.41
2018,Minuten,Bezogen auf die Mittel- und Oberzentren des jeweiligen Jahres,,,21.86
2020,Minuten,Bezogen auf die Mittel- und Oberzentren des jeweiligen Jahres,,,20.59
2013,Minuten,Bezogen auf die Mittel- und Oberzentren des jeweiligen Jahres,,,
2014,Minuten,Bezogen auf die Mittel- und Oberzentren des jeweiligen Jahres,,,
2015,Minuten,Bezogen auf die Mittel- und Oberzentren des jeweiligen Jahres,,,
2017,Minuten,Bezogen auf die Mittel- und Oberzentren des jeweiligen Jahres,,,
2019,Minuten,Bezogen auf die Mittel- und Oberzentren des jeweiligen Jahres,,,
2012,Minuten,Bezogen auf die Mittel- und Oberzentren des Jahres 2012,,,23.5
2016,Minuten,Bezogen auf die Mittel- und Oberzentren des Jahres 2012,,,22.75
2018,Minuten,Bezogen auf die Mittel- und Oberzentren des Jahres 2012,,,22.5
2020,Minuten,Bezogen auf die Mittel- und Oberzentren des Jahres 2012,,,21.3
2013,Minuten,Bezogen auf die Mittel- und Oberzentren des Jahres 2012,,,
2014,Minuten,Bezogen auf die Mittel- und Oberzentren des Jahres 2012,,,
2015,Minuten,Bezogen auf die Mittel- und Oberzentren des Jahres 2012,,,
2017,Minuten,Bezogen auf die Mittel- und Oberzentren des Jahres 2012,,,
2019,Minuten,Bezogen auf die Mittel- und Oberzentren des Jahres 2012,,,
2012,Minuten,Bezogen auf die Mittel- und Oberzentren des jeweiligen Jahres,Baden-Württemberg,code08,22.8
2016,Minuten,Bezogen auf die Mittel- und Oberzentren des jeweiligen Jahres,Baden-Württemberg,code08,21.85
2018,Minuten,Bezogen auf die Mittel- und Oberzentren des jeweiligen Jahres,Baden-Württemberg,code08,21.61
2020,Minuten,Bezogen auf die Mittel- und Oberzentren des jeweiligen Jahres,Baden-Württemberg,code08,20.47
2013,Minuten,Bezogen auf die Mittel- und Oberzentren des jeweiligen Jahres,Baden-Württemberg,code08,
2014,Minuten,Bezogen auf die Mittel- und Oberzentren des jeweiligen Jahres,Baden-Württemberg,code08,
2015,Minuten,Bezogen auf die Mittel- und Oberzentren des jeweiligen Jahres,Baden-Württemberg,code08,
2017,Minuten,Bezogen auf die Mittel- und Oberzentren des jeweiligen Jahres,Baden-Württemberg,code08,
2019,Minuten,Bezogen auf die Mittel- und Oberzentren des jeweiligen Jahres,Baden-Württemberg,code08,
2012,Minuten,Bezogen auf die Mittel- und Oberzentren des jeweiligen Jahres,Bayern,code09,23.67
2016,Minuten,Bezogen auf die Mittel- und Oberzentren des jeweiligen Jahres,Bayern,code09,22.42
2018,Minuten,Bezogen auf die Mittel- und Oberzentren des jeweiligen Jahres,Bayern,code09,20.86
2020,Minuten,Bezogen auf die Mittel- und Oberzentren des jeweiligen Jahres,Bayern,code09,19.24
2013,Minuten,Bezogen auf die Mittel- und Oberzentren des jeweiligen Jahres,Bayern,code09,
2014,Minuten,Bezogen auf die Mittel- und Oberzentren des jeweiligen Jahres,Bayern,code09,
2015,Minuten,Bezogen auf die Mittel- und Oberzentren des jeweiligen Jahres,Bayern,code09,
2017,Minuten,Bezogen auf die Mittel- und Oberzentren des jeweiligen Jahres,Bayern,code09,
2019,Minuten,Bezogen auf die Mittel- und Oberzentren des jeweiligen Jahres,Bayern,code09,
2012,Minuten,Bezogen auf die Mittel- und Oberzentren des jeweiligen Jahres,Berlin,code11,27.19
2016,Minuten,Bezogen auf die Mittel- und Oberzentren des jeweiligen Jahres,Berlin,code11,24.87
2018,Minuten,Bezogen auf die Mittel- und Oberzentren des jeweiligen Jahres,Berlin,code11,24.4
2020,Minuten,Bezogen auf die Mittel- und Oberzentren des jeweiligen Jahres,Berlin,code11,23.39
2013,Minuten,Bezogen auf die Mittel- und Oberzentren des jeweiligen Jahres,Berlin,code11,
2014,Minuten,Bezogen auf die Mittel- und Oberzentren des jeweiligen Jahres,Berlin,code11,
2015,Minuten,Bezogen auf die Mittel- und Oberzentren des jeweiligen Jahres,Berlin,code11,
2017,Minuten,Bezogen auf die Mittel- und Oberzentren des jeweiligen Jahres,Berlin,code11,
2019,Minuten,Bezogen auf die Mittel- und Oberzentren des jeweiligen Jahres,Berlin,code11,
2012,Minuten,Bezogen auf die Mittel- und Oberzentren des jeweiligen Jahres,Brandenburg,code12,24.59
2016,Minuten,Bezogen auf die Mittel- und Oberzentren des jeweiligen Jahres,Brandenburg,code12,22.27
2018,Minuten,Bezogen auf die Mittel- und Oberzentren des jeweiligen Jahres,Brandenburg,code12,21.48
2020,Minuten,Bezogen auf die Mittel- und Oberzentren des jeweiligen Jahres,Brandenburg,code12,19.25
2013,Minuten,Bezogen auf die Mittel- und Oberzentren des jeweiligen Jahres,Brandenburg,code12,
2014,Minuten,Bezogen auf die Mittel- und Oberzentren des jeweiligen Jahres,Brandenburg,code12,
2015,Minuten,Bezogen auf die Mittel- und Oberzentren des jeweiligen Jahres,Brandenburg,code12,
2017,Minuten,Bezogen auf die Mittel- und Oberzentren des jeweiligen Jahres,Brandenburg,code12,
2019,Minuten,Bezogen auf die Mittel- und Oberzentren des jeweiligen Jahres,Brandenburg,code12,
2012,Minuten,Bezogen auf die Mittel- und Oberzentren des jeweiligen Jahres,Bremen,code04,24.54
2016,Minuten,Bezogen auf die Mittel- und Oberzentren des jeweiligen Jahres,Bremen,code04,22.52
2018,Minuten,Bezogen auf die Mittel- und Oberzentren des jeweiligen Jahres,Bremen,code04,21.83
2020,Minuten,Bezogen auf die Mittel- und Oberzentren des jeweiligen Jahres,Bremen,code04,20.65
2013,Minuten,Bezogen auf die Mittel- und Oberzentren des jeweiligen Jahres,Bremen,code04,
2014,Minuten,Bezogen auf die Mittel- und Oberzentren des jeweiligen Jahres,Bremen,code04,
2015,Minuten,Bezogen auf die Mittel- und Oberzentren des jeweiligen Jahres,Bremen,code04,
2017,Minuten,Bezogen auf die Mittel- und Oberzentren des jeweiligen Jahres,Bremen,code04,
2019,Minuten,Bezogen auf die Mittel- und Oberzentren des jeweiligen Jahres,Bremen,code04,
2012,Minuten,Bezogen auf die Mittel- und Oberzentren des jeweiligen Jahres,Hamburg,code02,23.55
2016,Minuten,Bezogen auf die Mittel- und Oberzentren des jeweiligen Jahres,Hamburg,code02,25.81
2018,Minuten,Bezogen auf die Mittel- und Oberzentren des jeweiligen Jahres,Hamburg,code02,25.87
2020,Minuten,Bezogen auf die Mittel- und Oberzentren des jeweiligen Jahres,Hamburg,code02,25.91
2013,Minuten,Bezogen auf die Mittel- und Oberzentren des jeweiligen Jahres,Hamburg,code02,
2014,Minuten,Bezogen auf die Mittel- und Oberzentren des jeweiligen Jahres,Hamburg,code02,
2015,Minuten,Bezogen auf die Mittel- und Oberzentren des jeweiligen Jahres,Hamburg,code02,
2017,Minuten,Bezogen auf die Mittel- und Oberzentren des jeweiligen Jahres,Hamburg,code02,
2019,Minuten,Bezogen auf die Mittel- und Oberzentren des jeweiligen Jahres,Hamburg,code02,
2012,Minuten,Bezogen auf die Mittel- und Oberzentren des jeweiligen Jahres,Hessen,code06,20.2
2016,Minuten,Bezogen auf die Mittel- und Oberzentren des jeweiligen Jahres,Hessen,code06,19.26
2018,Minuten,Bezogen auf die Mittel- und Oberzentren des jeweiligen Jahres,Hessen,code06,18.93
2020,Minuten,Bezogen auf die Mittel- und Oberzentren des jeweiligen Jahres,Hessen,code06,17.53
2013,Minuten,Bezogen auf die Mittel- und Oberzentren des jeweiligen Jahres,Hessen,code06,
2014,Minuten,Bezogen auf die Mittel- und Oberzentren des jeweiligen Jahres,Hessen,code06,
2015,Minuten,Bezogen auf die Mittel- und Oberzentren des jeweiligen Jahres,Hessen,code06,
2017,Minuten,Bezogen auf die Mittel- und Oberzentren des jeweiligen Jahres,Hessen,code06,
2019,Minuten,Bezogen auf die Mittel- und Oberzentren des jeweiligen Jahres,Hessen,code06,
2012,Minuten,Bezogen auf die Mittel- und Oberzentren des jeweiligen Jahres,Mecklenburg-Vorpommern,code13,32.31
2016,Minuten,Bezogen auf die Mittel- und Oberzentren des jeweiligen Jahres,Mecklenburg-Vorpommern,code13,30.67
2018,Minuten,Bezogen auf die Mittel- und Oberzentren des jeweiligen Jahres,Mecklenburg-Vorpommern,code13,30.6
2020,Minuten,Bezogen auf die Mittel- und Oberzentren des jeweiligen Jahres,Mecklenburg-Vorpommern,code13,28.34
2013,Minuten,Bezogen auf die Mittel- und Oberzentren des jeweiligen Jahres,Mecklenburg-Vorpommern,code13,
2014,Minuten,Bezogen auf die Mittel- und Oberzentren des jeweiligen Jahres,Mecklenburg-Vorpommern,code13,
2015,Minuten,Bezogen auf die Mittel- und Oberzentren des jeweiligen Jahres,Mecklenburg-Vorpommern,code13,
2017,Minuten,Bezogen auf die Mittel- und Oberzentren des jeweiligen Jahres,Mecklenburg-Vorpommern,code13,
2019,Minuten,Bezogen auf die Mittel- und Oberzentren des jeweiligen Jahres,Mecklenburg-Vorpommern,code13,
2012,Minuten,Bezogen auf die Mittel- und Oberzentren des jeweiligen Jahres,Niedersachsen,code03,27.44
2016,Minuten,Bezogen auf die Mittel- und Oberzentren des jeweiligen Jahres,Niedersachsen,code03,25.6
2018,Minuten,Bezogen auf die Mittel- und Oberzentren des jeweiligen Jahres,Niedersachsen,code03,24.89
2020,Minuten,Bezogen auf die Mittel- und Oberzentren des jeweiligen Jahres,Niedersachsen,code03,23.91
2013,Minuten,Bezogen auf die Mittel- und Oberzentren des jeweiligen Jahres,Niedersachsen,code03,
2014,Minuten,Bezogen auf die Mittel- und Oberzentren des jeweiligen Jahres,Niedersachsen,code03,
2015,Minuten,Bezogen auf die Mittel- und Oberzentren des jeweiligen Jahres,Niedersachsen,code03,
2017,Minuten,Bezogen auf die Mittel- und Oberzentren des jeweiligen Jahres,Niedersachsen,code03,
2019,Minuten,Bezogen auf die Mittel- und Oberzentren des jeweiligen Jahres,Niedersachsen,code03,
2012,Minuten,Bezogen auf die Mittel- und Oberzentren des jeweiligen Jahres,Nordrhein-Westfalen,code05,19.4
2016,Minuten,Bezogen auf die Mittel- und Oberzentren des jeweiligen Jahres,Nordrhein-Westfalen,code05,19.29
2018,Minuten,Bezogen auf die Mittel- und Oberzentren des jeweiligen Jahres,Nordrhein-Westfalen,code05,18.98
2020,Minuten,Bezogen auf die Mittel- und Oberzentren des jeweiligen Jahres,Nordrhein-Westfalen,code05,17.8
2013,Minuten,Bezogen auf die Mittel- und Oberzentren des jeweiligen Jahres,Nordrhein-Westfalen,code05,
2014,Minuten,Bezogen auf die Mittel- und Oberzentren des jeweiligen Jahres,Nordrhein-Westfalen,code05,
2015,Minuten,Bezogen auf die Mittel- und Oberzentren des jeweiligen Jahres,Nordrhein-Westfalen,code05,
2017,Minuten,Bezogen auf die Mittel- und Oberzentren des jeweiligen Jahres,Nordrhein-Westfalen,code05,
2019,Minuten,Bezogen auf die Mittel- und Oberzentren des jeweiligen Jahres,Nordrhein-Westfalen,code05,
2012,Minuten,Bezogen auf die Mittel- und Oberzentren des jeweiligen Jahres,Rheinland-Pfalz,code07,22.95
2016,Minuten,Bezogen auf die Mittel- und Oberzentren des jeweiligen Jahres,Rheinland-Pfalz,code07,20.94
2018,Minuten,Bezogen auf die Mittel- und Oberzentren des jeweiligen Jahres,Rheinland-Pfalz,code07,20.56
2020,Minuten,Bezogen auf die Mittel- und Oberzentren des jeweiligen Jahres,Rheinland-Pfalz,code07,19.67
2013,Minuten,Bezogen auf die Mittel- und Oberzentren des jeweiligen Jahres,Rheinland-Pfalz,code07,
2014,Minuten,Bezogen auf die Mittel- und Oberzentren des jeweiligen Jahres,Rheinland-Pfalz,code07,
2015,Minuten,Bezogen auf die Mittel- und Oberzentren des jeweiligen Jahres,Rheinland-Pfalz,code07,
2017,Minuten,Bezogen auf die Mittel- und Oberzentren des jeweiligen Jahres,Rheinland-Pfalz,code07,
2019,Minuten,Bezogen auf die Mittel- und Oberzentren des jeweiligen Jahres,Rheinland-Pfalz,code07,
2012,Minuten,Bezogen auf die Mittel- und Oberzentren des jeweiligen Jahres,Saarland,code10,22.59
2016,Minuten,Bezogen auf die Mittel- und Oberzentren des jeweiligen Jahres,Saarland,code10,20.5
2018,Minuten,Bezogen auf die Mittel- und Oberzentren des jeweiligen Jahres,Saarland,code10,20.46
2020,Minuten,Bezogen auf die Mittel- und Oberzentren des jeweiligen Jahres,Saarland,code10,19.54
2013,Minuten,Bezogen auf die Mittel- und Oberzentren des jeweiligen Jahres,Saarland,code10,
2014,Minuten,Bezogen auf die Mittel- und Oberzentren des jeweiligen Jahres,Saarland,code10,
2015,Minuten,Bezogen auf die Mittel- und Oberzentren des jeweiligen Jahres,Saarland,code10,
2017,Minuten,Bezogen auf die Mittel- und Oberzentren des jeweiligen Jahres,Saarland,code10,
2019,Minuten,Bezogen auf die Mittel- und Oberzentren des jeweiligen Jahres,Saarland,code10,
2012,Minuten,Bezogen auf die Mittel- und Oberzentren des jeweiligen Jahres,Sachsen,code14,24.89
2016,Minuten,Bezogen auf die Mittel- und Oberzentren des jeweiligen Jahres,Sachsen,code14,23.33
2018,Minuten,Bezogen auf die Mittel- und Oberzentren des jeweiligen Jahres,Sachsen,code14,22.97
2020,Minuten,Bezogen auf die Mittel- und Oberzentren des jeweiligen Jahres,Sachsen,code14,21.88
2013,Minuten,Bezogen auf die Mittel- und Oberzentren des jeweiligen Jahres,Sachsen,code14,
2014,Minuten,Bezogen auf die Mittel- und Oberzentren des jeweiligen Jahres,Sachsen,code14,
2015,Minuten,Bezogen auf die Mittel- und Oberzentren des jeweiligen Jahres,Sachsen,code14,
2017,Minuten,Bezogen auf die Mittel- und Oberzentren des jeweiligen Jahres,Sachsen,code14,
2019,Minuten,Bezogen auf die Mittel- und Oberzentren des jeweiligen Jahres,Sachsen,code14,
2012,Minuten,Bezogen auf die Mittel- und Oberzentren des jeweiligen Jahres,Sachsen-Anhalt,code15,28.92
2016,Minuten,Bezogen auf die Mittel- und Oberzentren des jeweiligen Jahres,Sachsen-Anhalt,code15,27.15
2018,Minuten,Bezogen auf die Mittel- und Oberzentren des jeweiligen Jahres,Sachsen-Anhalt,code15,27.52
2020,Minuten,Bezogen auf die Mittel- und Oberzentren des jeweiligen Jahres,Sachsen-Anhalt,code15,26.03
2013,Minuten,Bezogen auf die Mittel- und Oberzentren des jeweiligen Jahres,Sachsen-Anhalt,code15,
2014,Minuten,Bezogen auf die Mittel- und Oberzentren des jeweiligen Jahres,Sachsen-Anhalt,code15,
2015,Minuten,Bezogen auf die Mittel- und Oberzentren des jeweiligen Jahres,Sachsen-Anhalt,code15,
2017,Minuten,Bezogen auf die Mittel- und Oberzentren des jeweiligen Jahres,Sachsen-Anhalt,code15,
2019,Minuten,Bezogen auf die Mittel- und Oberzentren des jeweiligen Jahres,Sachsen-Anhalt,code15,
2012,Minuten,Bezogen auf die Mittel- und Oberzentren des jeweiligen Jahres,Schleswig-Holstein,code01,30.06
2016,Minuten,Bezogen auf die Mittel- und Oberzentren des jeweiligen Jahres,Schleswig-Holstein,code01,28.99
2018,Minuten,Bezogen auf die Mittel- und Oberzentren des jeweiligen Jahres,Schleswig-Holstein,code01,28.34
2020,Minuten,Bezogen auf die Mittel- und Oberzentren des jeweiligen Jahres,Schleswig-Holstein,code01,27.28
2013,Minuten,Bezogen auf die Mittel- und Oberzentren des jeweiligen Jahres,Schleswig-Holstein,code01,
2014,Minuten,Bezogen auf die Mittel- und Oberzentren des jeweiligen Jahres,Schleswig-Holstein,code01,
2015,Minuten,Bezogen auf die Mittel- und Oberzentren des jeweiligen Jahres,Schleswig-Holstein,code01,
2017,Minuten,Bezogen auf die Mittel- und Oberzentren des jeweiligen Jahres,Schleswig-Holstein,code01,
2019,Minuten,Bezogen auf die Mittel- und Oberzentren des jeweiligen Jahres,Schleswig-Holstein,code01,
2012,Minuten,Bezogen auf die Mittel- und Oberzentren des jeweiligen Jahres,Thüringen,code16,24.45
2016,Minuten,Bezogen auf die Mittel- und Oberzentren des jeweiligen Jahres,Thüringen,code16,23.5
2018,Minuten,Bezogen auf die Mittel- und Oberzentren des jeweiligen Jahres,Thüringen,code16,22.99
2020,Minuten,Bezogen auf die Mittel- und Oberzentren des jeweiligen Jahres,Thüringen,code16,21.0
2013,Minuten,Bezogen auf die Mittel- und Oberzentren des jeweiligen Jahres,Thüringen,code16,
2014,Minuten,Bezogen auf die Mittel- und Oberzentren des jeweiligen Jahres,Thüringen,code16,
2015,Minuten,Bezogen auf die Mittel- und Oberzentren des jeweiligen Jahres,Thüringen,code16,
2017,Minuten,Bezogen auf die Mittel- und Oberzentren des jeweiligen Jahres,Thüringen,code16,
2019,Minuten,Bezogen auf die Mittel- und Oberzentren des jeweiligen Jahres,Thüringen,code16,
